site_id,product_id,unit_cost
PS_013,P_135,8.64
PS_013,P_277,9.05
PS_013,P_317,20.12
PS_039,P_135,12.87
PS_039,P_277,12.87
PS_039,P_317,33.95
PS_042,P_135,6.42
PS_042,P_277,6.32
PS_042,P_317,16.53
PS_044,P_135,8.55
PS_044,P_277,8.42
PS_044,P_317,24.02
PS_047,P_135,10.46
PS_047,P_277,9.84
PS_047,P_317,32.48
