site_id,period_id,capacity
PS_013,1,15762
PS_013,2,15821
PS_013,3,14914
PS_039,1,11118
PS_039,2,10676
PS_039,3,11644
PS_042,1,32622
PS_042,2,30575
PS_042,3,31565
PS_044,1,10710
PS_044,2,11513
PS_044,3,11432
PS_047,1,12139
PS_047,2,12761
PS_047,3,12449
